Sequences,Pythium debaryanum,Porcine epidemic diarrhea virus (PEDcoV),Carnobacterium divergens,Berkeleyomyces basicola,Sclerotinia sclerotiorum,Zygosaccharomyces bailii,Zygosaccharomyces rouxii,Debaryomyces hansenii,Pyricularia oryzae,Microsporum canis,Curvularia lunata,Colletotrichum acutatum,Fusarium sp.,Venturia inaequalis,Mucor hiemalis,Bovine herpesvirus 1 (BoHV-1),Pseudorabies Virus (PRV),Newcastle Disease Virus (NDV),Rhizopus stolonifer,Stemphylium sp.,Saprolegnia sp.,Phytophthora palmivora,Basidiobolus microsporus,Conidiobolus coronatus,Mycotypha africana,Rhizomucor miehei,Paecilomyces variotii,Ascodesmis sphaerospora,Monilinia fructicola,Alternaria kikuchiana,Didymella pinodes,Pleospora herbarum,Stemphylium sarciniforme,Schizophyllum commune,Gaeumannomyces graminis,Brochothrix thermosphacta,Byssochlamys fulva,Porcine Parvovirus (PPV),Infectious Bursal Disease Virus (IBDV),Mycoplasmopsis pulmonis
KICERASGTWKGICIHSNDCNNQCVKWENAGSGSCHYQFPNYMCFCYFDC,0.8197366,0.0077148317,0.006231779,0.01767681,0.0016862721,0.005750391,0.0042346246,0.006724183,0.02781023,0.012710902,0.0123450905,0.011315183,0.0018449271,0.00502523,0.0014517867,0.006572252,0.0014712086,0.003909355,0.0015456798,0.003188378,0.005374793,0.0008094165,0.0004995241,0.0017886867,0.00092046754,0.0025397046,0.0011313122,0.0006121691,0.0008566631,0.0005538532,0.0007228835,0.00057930686,0.0006717488,0.00038400208,0.0011644873,0.0021096144,0.0025257177,0.002823127,0.0013592629,0.00087059516
FNATYLKLTGEIADLEQRSESLRNTTEELQSLIYNINNTLVDLEWLNRVE,0.016717084,0.836043,0.0066170697,0.004468287,0.00785363,0.0055691325,0.004519696,0.007259994,0.008155924,0.00936572,0.007768972,0.019147132,0.015103694,0.015756704,0.013839067,0.016967636,0.014159015,0.03626486,0.010072341,0.0062261852,0.0076409047,0.003173861,0.0017950363,0.0023000673,0.0025449926,0.0033689218,0.0035610823,0.0025697178,0.0016747086,0.004059218,0.002247999,0.0036983711,0.0017790833,0.005906369,0.0027072332,0.0043960833,0.003304856,0.007361235,0.0021984724,0.003257431
VNYGNGVSCSKTKCSVNWGQAFQERYTAGINSFVSGVASGAGSIGRRP,0.006890463,0.0011232782,0.9274012,0.0006269341,0.00391924,0.0038002387,0.0069645112,0.011409843,0.020319967,0.011425576,0.011799296,0.0012607668,0.010081874,0.012462071,0.004625325,0.0054077795,0.0006015612,0.0023224885,0.008217198,0.004054463,0.0015483873,0.00036673757,0.000382548,0.0005071754,0.0006179167,0.00053012284,0.00047626815,0.00024372662,0.00045672365,0.00029677225,0.0008446053,0.00071739196,0.00021667023,0.0003487653,0.0003076615,0.00081497605,0.00039448595,0.00085477147,0.00018116967,0.00023829576
RECKTESNTFPGICITKPPCRKACISEKFTDGHCSKILRRCLCTKPC,0.00836153,0.0009923069,0.0022581436,0.9336848,0.027841652,0.01568664,0.015934832,0.013822787,0.004549827,0.0014327836,0.0156032415,0.00019816984,0.0009966438,0.0006308251,0.0024046712,0.0003252482,0.00015951383,0.0036121602,0.001592151,0.0005138992,0.0010450915,0.00069062016,0.00023610026,0.0005919365,0.0003474743,0.00029451004,0.00041157354,0.00053307845,0.0002667603,0.000349319,0.00022112756,0.0002916377,0.00047684734,0.00073066866,0.0003755651,0.00013841818,0.00029241334,0.00012409856,0.00011086418,0.00012563354
RQRDPQQQYEQCQERCQRHETEPRHMQTCQQRCERRYEKEKRKQQ,0.029801441,0.006206223,0.0020341605,0.8867295,0.9267811,0.0030186696,0.0058687953,0.0021134436,0.013117635,0.0011012701,0.011691648,0.0035834424,0.004619682,0.0013156941,0.0064503117,0.0074882144,0.0035276748,0.011618091,0.008716064,0.008268848,0.008173332,0.0071025896,0.00279767,0.010045704,0.0042772964,0.010066253,0.0034824742,0.0030915667,0.0049779974,0.0044633136,0.0030843047,0.0026062564,0.0051167523,0.0021863875,0.0025553217,0.0013709252,0.0027765224,0.0014488546,0.0028764862,0.0031130675
RTCESQSHRFKGPCARDSNCATVCLTEGFSGGDCRGFRRRCFCTRPC,0.003067576,0.0017023286,0.0005917933,0.91363984,0.01898107,0.0064909784,0.0073672724,0.0045492956,0.0009340459,0.009846671,0.0023679875,0.00061297254,0.0016514079,0.0012661814,0.0046962094,0.0010393511,0.00041654456,0.0020535649,0.0006953278,0.00057887606,0.0006794853,0.0005230974,0.00038585885,0.00046647416,0.00021195081,0.0003325285,0.0005318804,0.000770505,0.000511417,0.0006789296,0.00046049614,0.0005659692,0.00093790994,0.0005855857,0.0004481614,0.00026188328,0.0005747566,0.00023334511,0.00023573202,0.00038974744
RSPPQCQYTNCAAVLCPAVYCANAYTPPCGCCDICPPQKYGGGYRPR,0.00612015,0.0027772407,0.93297106,0.0030594568,0.006160207,0.0036886886,0.0029904295,0.004949526,0.013569946,0.011529998,0.007020805,0.0048824325,0.00083506794,0.004104985,0.0007927967,0.0045578894,0.00096891704,0.0024886783,0.0021925096,0.0023241905,0.0010949377,0.0010596451,0.0005619459,0.00071560196,0.00027191808,0.00079602835,0.0003166035,0.00070832035,0.0006092048,0.00039714287,0.00055253896,0.000458226,0.0010885098,0.00080395833,0.00079501595,0.00047412043,0.0011649361,0.00049206486,0.00085084327,0.0004136746
RICRRRSAGFKGPCVSNKNCAQVCMQEGWGGGNCDGPLRRCKCMRRC,0.009344755,0.0018384237,0.0035125331,0.03620581,0.0013258511,0.9235275,0.91490453,0.9401404,0.0059376317,0.005429855,0.013975383,0.0038177024,0.0075756675,0.009813208,0.0003557154,0.012466207,0.004641595,0.0076156547,0.0018719798,0.004672149,0.0006734286,0.0012956995,0.0017033239,0.0012377806,0.0012643267,0.00154127,0.0006296881,0.0022538633,0.0010767044,0.00046079123,0.0021019962,0.0015229586,0.0028600676,0.0018752392,0.00035595658,0.0007775801,0.001066066,0.00055066857,0.0010014853,0.0019740514
RTCMIKKEGWGKCLIDTTCAHSCKNRGYIGGNCKGMTRTCYCLVNC,0.009506183,0.0052386727,0.0023056474,0.002662771,0.007832957,0.0019358394,0.0014159677,0.0034520812,0.949387,0.0006648407,0.028511265,0.0058057155,0.0022058338,0.015182033,0.0003846674,0.0008944886,0.0013826012,0.0033337085,0.009105988,0.001360897,0.004264357,0.0015937863,0.0007419105,0.00057727605,0.00084593345,0.0005878676,0.00040320778,0.00030319707,0.0008573204,0.0004152566,0.0005126978,0.0002235862,0.00063836254,0.00090666075,0.00018733974,0.0006594377,0.0011130266,0.00067828613,0.0012385796,0.00038532252
FIFHIIKGLFHAGKMIHGLVTRRRH,0.0008251278,0.0012239098,0.005098234,0.00027880791,0.0013281957,0.0027029891,0.0013388105,0.005981878,0.0029370624,0.9722686,0.0004811058,0.004795053,0.0030294217,0.0011191074,0.0044385605,0.014468813,0.006207113,0.0155081395,0.004995897,0.00075072167,0.013099381,0.0005571502,0.0002187731,0.0007579023,0.00023213793,0.0004351267,0.0011846817,0.00033355277,0.00033731278,0.00059946754,0.00017876459,0.00023096983,0.0006652698,0.0003442509,0.00064971525,0.0013538683,0.0024573957,0.0028182408,0.0035822182,0.002289135
CEKPSKFFSGPCIGSSGKTQCAYLCRRGEGLQDGNCKGLKCVCAC,0.0106916595,0.0013265919,0.008106802,0.0086357435,0.002201206,0.010755935,0.008832248,0.015774468,0.046144173,0.0013196724,0.7847432,0.0035919196,0.00089687435,0.0025895957,0.00029107492,0.0024357638,0.0007221764,0.006590084,0.0033860577,0.0017152702,0.0035336337,0.0013617928,0.0002770786,0.00045620804,0.0005835938,0.0009691151,0.00021757657,0.0003655576,0.0010197695,0.00041290498,0.0004411661,0.00032841327,0.00030908946,0.00036687133,0.0020388656,0.0016825997,0.0005816353,0.0023900908,0.00029361068,0.00041588608
GGKCTVDWGGQGGGRRLPSPLFCCYKPTRICYLNQETCETETCP,0.0007873455,0.0027639607,0.02385815,0.0026507378,0.005054329,0.0010100328,0.0010652554,0.003904571,0.021284023,0.0013125569,0.05356222,0.0012988626,0.0031874706,0.0018603508,0.0017703181,0.0005262117,0.00036768906,0.0011906885,0.019186877,0.009184126,0.0013096854,0.0008283336,0.00033582875,0.00035439763,0.00033778453,0.00028242666,0.00064237445,0.0005007224,0.0002889324,0.0005295315,0.0010505535,0.00026829424,0.0002820381,0.00044476625,0.0014559681,0.00036901224,0.00052299374,0.00032384868,0.00044117868,0.002241606
AISYGNGVYCNKEKCWVNKAENKQAITGIVIGGWASSLAGMGH,0.0022348398,0.0034058995,0.93055737,0.0010235119,0.001592073,0.0027606755,0.0021505132,0.0128600905,0.0039837947,0.010927779,0.004701156,0.0063805985,0.0058921045,0.0038902487,0.0010052152,0.00754312,0.008335305,0.008590263,0.006900599,0.002144053,0.0026278957,0.00077084865,0.00018340992,0.00067959283,0.000695892,0.00048812182,0.001463004,0.00036369616,0.00053324335,0.0005484212,0.00045739484,0.00037458737,0.0004090809,0.0005382477,0.0025070522,0.003504401,0.0053156987,0.002081111,0.0013081452,0.0012172676
LVVAVTDGEADAAVEGLHDNTDFIHYGSHGKYPDNRPHGYPLD,0.0048277145,0.0018080333,0.0035321333,0.006395913,0.9375037,0.004777212,0.0011453753,0.004214461,0.0027248051,0.0031275174,0.0017790656,0.0053521334,0.005516683,0.002403859,0.0035283894,0.012238543,0.0016046896,0.00393095,0.007003036,0.004073744,0.0024927089,0.0009495559,0.0019163096,0.0014956467,0.0012651375,0.0017232011,0.0014051727,0.0019265927,0.0013346258,0.0008945546,0.0018642667,0.0026183187,0.001173209,0.0022482697,0.0009804622,0.0011202199,0.0018873313,0.00096886297,0.00065781415,0.00045766242
EQCGRQAGGKLCPNNLCCSQWGWCGSTDEYCSPDHNCQSNCKD,0.0069240388,0.002841692,0.0014751997,0.008567192,0.038176205,0.0015298884,0.0011874541,0.0069803083,0.91639835,0.0024325345,0.022879925,0.0047670393,0.006154153,0.0048954,0.0039728982,0.001777877,0.007139932,0.0048344224,0.012676977,0.0016792053,0.0024053347,0.0016402713,0.0013949043,0.0016867908,0.0021231368,0.0006188833,0.0020193204,0.001051924,0.0005328727,0.000885102,0.0018706297,0.0018880555,0.0010234811,0.0021506515,0.0011088258,0.001860272,0.0016480852,0.003230548,0.0023181525,0.003593654
XQCGRQASGRLCGNRLCCSQWGYCGSTASYCGAGCQSQCRS,0.00043988234,0.0022475105,0.0090127,0.0041051386,0.0010638499,0.0033957635,0.005236392,0.00948608,0.032537017,0.041331142,0.109970056,0.0035721296,0.0017442387,0.0034378131,0.0041095293,0.0010527892,0.0008131163,0.00031550726,0.0009225431,0.00523333,0.0015646607,0.000986145,0.000325859,0.00047825783,0.0006555873,0.0004251737,0.00089662184,0.0009359706,0.00048399714,0.0006816266,0.0017786946,0.0006421507,0.0006745916,0.0006893832,0.003225655,0.00058376376,0.0008436618,0.00039290887,0.00040741544,0.006613861
GSCGASIAEFNSSQILAKRAPPCRRPRLQNSEDVTHTTLP,0.0017864598,0.0011686027,0.0017316063,0.013272937,0.9282607,0.0005760685,0.00070513535,0.00030105605,0.020093286,0.0021779414,0.0031523667,0.0011485312,0.0016431488,0.0012607385,0.0010462163,0.0033798488,0.0033152683,0.0062849177,0.0056208093,0.0013425907,0.00056643743,0.00045418448,0.00015519916,0.0003934964,0.00057730847,0.00028823328,0.00034945112,0.00024651823,0.00031834687,0.0004480597,0.00030588187,0.00058131106,0.00034331586,0.00011156868,0.00070376653,0.00042076525,0.00059834594,0.00022404031,0.000726786,0.0003329888
SLFSLIKAGAKFLGKNMLKQGPQYPACKVSKDSENVNWKS,0.0051174667,0.0022095714,0.0053375745,0.00097075175,0.0024201379,0.0007164204,0.000738514,0.0055486537,0.93389153,0.00520834,0.017759325,0.0018101119,0.0022766786,0.003079624,0.0019826528,0.00035319946,0.0013853697,0.0050631007,0.006500484,0.00082511874,0.001083502,0.0007290894,0.00013962116,0.00030806303,0.0006275614,0.0003696511,0.00022057311,0.0001991064,0.00058069883,0.00031633585,0.00020913959,0.00014773714,0.00019085793,0.00017465987,0.0001205919,0.00037807808,0.00052002433,0.00032305805,0.00044042172,0.00029480644
GSCGAPISKYDFQVLAKRPPPCRRPRLENTEDVTHTTRP,0.002606167,0.0021454184,0.005056593,0.014901807,0.9530774,0.00086942874,0.001821639,0.00015276702,0.019216353,0.00072330283,0.0049472977,0.0023499506,0.0034066152,0.0011210204,0.0024213907,0.013171683,0.0040230816,0.0055266935,0.016344596,0.007863117,0.0036191654,0.0015123067,0.00078609353,0.0021572474,0.00079801213,0.0020122163,0.0015061636,0.0006586545,0.0014591236,0.0011783335,0.0006441352,0.0009534373,0.00038416573,0.0008156213,0.00086557923,0.00051882054,0.0009050295,0.0005375563,0.001086511,0.0011412003
ACSSSSPCPGNQCCSKWGYCGLGGDYCGSGCQSGPCTGA,0.0054783835,0.0018540273,0.015621987,0.017443359,0.009352351,0.029643264,0.031061651,0.035939652,0.046215076,0.00030916018,0.83946174,0.000497525,0.0008961389,0.00070520525,0.00053192093,0.0009739784,0.0005046928,0.0016578559,0.0045608934,0.0003278736,0.0001249466,0.00016035442,9.790018e-05,0.0002093305,0.000101743,0.00024251222,0.00017916493,9.13141e-05,0.000117970274,0.0003562915,0.00020764023,0.0002409365,0.00029197236,0.00020879907,6.4357766e-05,0.00011178379,0.00013010859,3.291044e-05,0.00035698817,0.00010159796
RCYNGCCRRGYYGGCRCCAHPDEIPDPEYRAEPAYGHP,0.018975925,0.006577191,0.014009633,0.0044736154,0.027919779,0.00074241945,0.0008582879,0.014331392,0.004440828,0.01649916,0.01014901,0.8560263,0.000882584,0.0018880822,0.006186642,0.0020048793,0.0020244082,0.0024926984,0.026196787,0.0033666654,0.0036268064,0.0016639685,0.0021665804,0.0029426266,0.0014085813,0.0011630163,0.0028725278,0.0022033188,0.0017458743,0.0036002386,0.0011542026,0.0016578764,0.0015156803,0.0007684065,0.0043717884,0.0025071322,0.002126171,0.0010097413,0.0021456063,0.0021219451
WQQPSCSSICDYSCGKSACISYSGRCGCCASCRRGPIY,0.0071580624,0.0006174863,0.9391192,0.003512331,0.010261228,0.0033167815,0.0037746746,0.014163328,0.0071309633,0.006928667,0.006030046,0.0020915172,0.0018509368,0.00623655,0.0035886203,0.0023061067,0.0009008504,0.004354918,0.008915705,0.009325665,0.0006874924,0.00033970037,0.0003847263,0.00056848297,0.00046782364,0.00029758885,0.00045239864,0.00019308628,0.00027659268,0.0002934559,0.00063522975,0.00037286704,0.0002082106,0.00025758732,0.00025491868,0.0006380101,0.00036978078,0.00067989243,0.00025992363,0.00023624842
RWKIFKKIERVGQNVRDGIIKAGPAIQVLGTAKALGK,0.0034949887,0.0022836004,0.023164667,0.00485544,0.003961638,0.008074391,0.0027527001,0.008150519,0.016583765,0.006792003,0.0031874492,0.0032532644,0.772476,0.0035460785,0.022068918,0.0061651026,0.001408547,0.0022088974,0.009173037,0.0058734654,0.0012508472,0.0023243895,0.0042459657,0.00067589694,0.0022021867,0.0025488604,0.0010574376,0.001727734,0.0022281394,0.0011297723,0.0024961224,0.0009594434,0.0024741867,0.002548812,0.0009280346,0.00082913437,0.0014057939,0.0016108237,0.00064149895,0.002128731
XCIGNGGRCNENVGPPYCCSGFCLRQPGQGYGYCKNR,0.021161493,0.0100655975,0.011584109,0.006587774,0.0064903134,0.0154850725,0.008727326,0.024107583,0.92066187,0.00934626,0.02297812,0.006722349,0.010542831,0.7374376,0.018097883,0.00063456857,0.0016140828,0.00090870133,0.005001715,0.0121424915,0.010152579,0.0020265789,0.0024124552,0.0030067235,0.0059334165,0.0056781187,0.003171338,0.0021809028,0.001558516,0.001153836,0.0059064194,0.008784841,0.0016604365,0.004853159,0.0029032198,0.0036249459,0.005069338,0.005578024,0.001871735,0.00658691
GSGRGSCRSQCMRRHEDEPWRVQECVSQCRRRRGGGD,0.001673232,0.01865504,0.0018407037,0.024393642,0.022012392,0.007966867,0.013764655,0.0067725666,0.0031683848,0.1174177,0.0033799615,0.008766702,0.0043013887,0.0011384104,0.0025838173,0.0011947153,0.0013326221,0.0010806266,0.00022830155,0.006659925,0.0035418135,0.0010043632,0.0005366602,0.00088005216,0.0009052714,0.0017229781,0.0009195277,0.0008709307,0.0008388011,0.00070376584,0.0024866671,0.0007247145,0.0011790331,0.00080271333,0.0026348361,0.0007888182,0.000756921,0.00079565187,0.00089952565,0.01703044
KWKLFKKIEKVGQRVRDAVISAGPAVATVAQATALAK,0.0015355577,0.00199801,0.0012347102,0.0014295739,0.017494226,0.0005835387,0.0031894664,0.004333697,0.88176996,0.008439439,0.017833883,0.0018318336,0.027746366,0.0010023123,0.0012585171,0.0008501342,0.00051505625,0.0019651477,0.0019571425,0.0010403205,0.003514902,0.0007485435,0.00025436754,0.00054615876,0.0010512148,0.00067607925,0.00024200568,0.0002708301,0.0005227627,0.00037848976,0.000221462,0.0003194715,0.00039299912,0.0003134867,0.00023424768,0.00037808582,0.00037961252,0.00026750297,0.00058259483,0.00018633534
ILGPALRIGGRIAGRIAGKLIGDAINRHRERNRQRRG,0.0056429035,0.0039640525,0.004044432,0.050513204,0.003331779,0.008714901,0.002878154,0.008612449,0.00161491,0.9611224,0.0005681282,0.0029848276,0.017919803,0.0055356002,0.09080802,0.0012853061,0.0019720842,0.006572053,0.000343131,0.0039005354,0.016260732,0.0026568992,0.0017572516,0.0026636564,0.0029402198,0.003933105,0.004317973,0.0023838333,0.0039066877,0.0028994153,0.0069285226,0.0016090577,0.0037044117,0.002981115,0.0038775748,0.0033380918,0.0068482677,0.0031109657,0.0019158553,0.0044906284
YPPKPESPGEDASPEEMNKYLTALRHYINLVTRQRY,0.0026267397,0.014687858,0.0011744268,0.0095561,0.4973531,0.0011224977,0.00058649614,0.0005609307,0.13175184,0.0031282713,0.00068125414,0.006119245,0.015617657,0.0031426358,0.0029366643,0.0005447763,0.0013576741,0.0045668096,0.07958722,0.0023872412,0.0014016518,0.0012066661,0.00068352546,0.0005455524,0.00034843214,0.0008762418,0.0009758938,0.000775466,0.0006176879,0.0008616766,0.004992018,0.00029816365,0.0006825013,0.0006315931,0.0020502245,0.00076657947,0.0014309651,0.0007486409,0.0012905765,0.0028250646
ELPKLPDDKVLIRSRSNCPKGKVWNGFDCKSPFAFS,0.003031139,0.003662069,0.009175888,0.0015273934,0.008599377,0.0012271665,0.00079464185,0.0034432886,0.97069836,0.0034515825,0.0059929714,0.0041647865,0.0020015705,0.017615493,0.0017942779,0.0012518538,0.001364488,0.0027009116,0.0016254839,0.0008098107,0.0015174681,0.00068607234,0.00031008266,0.0007539378,0.00038351948,0.0013200092,0.0012056759,0.00063333515,0.0009107431,0.0003110372,0.00030680385,0.00038677917,0.00018310292,0.00059496774,0.001026039,0.0013736992,0.0010707281,0.0016477298,0.0014888084,0.0017774157
LNPLIKAGIFILKHRRPIGRGIEITGRGIKKFFSK,0.007215791,0.001454713,0.0017640146,0.010548463,0.0026868798,0.0008439891,0.000510238,0.0039676786,0.0278912,0.0342594,0.00035196485,0.0005607332,0.026873348,0.00077221356,0.8975059,0.00033976385,0.00013656492,0.0009877542,0.0018363929,0.0036739574,0.0056005158,0.000493967,0.0006792626,0.00026484168,0.00041358528,0.0003182722,0.00025425164,0.00086364034,0.0005671208,0.00039642063,0.00045806047,0.00042261358,0.0005053532,0.00048770255,0.00033711508,0.00045281803,0.0003799414,0.0003307803,0.0003915499,0.0005479998
ALWKTMLKKLGTMALHAGKAALGAAADTISQGTQ,0.0028746105,0.0006486671,0.0011842602,0.0014724054,0.0024690854,0.00030676118,0.00052334,0.003432816,0.0031934618,0.98360056,0.0005419907,0.0012602324,0.0022058496,0.0002565513,0.0009334935,0.0033945935,0.0055536106,0.0042960783,0.0025144287,0.0010197307,0.0044052275,0.00084463466,0.00026147885,0.00027943807,0.0004305965,0.00031824582,0.0002199622,0.00020195241,0.00047271943,0.0006873302,0.00039219396,0.0006199477,0.000255961,0.0003466106,0.0006725928,0.00055662525,0.00036499958,0.00032342848,0.0005061974,0.00080408365
KRFKKFFKKVKKSVKKRLKKIFKKPMVIGVTIPF,0.0012314011,0.0005785755,0.00071461615,0.002099738,0.0018746422,0.0014027789,0.00091243983,0.0069684796,0.011710026,0.9337484,0.00053521217,0.002174842,0.007993347,0.00055484124,0.0027681657,0.0017798338,0.0012155876,0.0019228059,0.005640464,0.0040573003,0.0028500343,0.0005494792,0.00043497764,0.00024836694,0.0008523124,0.00044987214,0.0002915679,0.00029757322,0.0005133083,0.00046236662,0.0011459199,0.00048517567,0.00054790115,0.00086025073,0.00059300236,0.00059710856,0.00062359485,0.00024855288,0.00035142267,0.0007274429
YDHIQDHVNTMFSRLATSWCLLQNKERALWAEAA,0.00069110334,0.29801732,0.037766032,0.0013957869,0.5023557,0.031170273,0.00026686612,0.024606736,0.0002848686,0.035656344,0.00017982075,0.022903297,0.0024239756,0.0074503543,0.00036665614,9.173591e-05,0.005498558,0.007965709,0.24501045,0.00084933464,0.000258015,0.00038853436,0.0002061817,0.00027666416,0.00028010414,0.00039413467,0.007304223,0.00027579744,0.0001551243,0.00035496627,0.00097640476,0.00019843246,0.00021036893,0.00036007323,0.0006829043,0.014012908,0.014608371,0.0036504588,0.0071465774,0.008466245
GLWSKIKEVGKEAAKAAAKAAGKAALGAVSEAV,0.002760778,0.0006711639,0.0011101734,0.0029755447,0.0015373959,0.00030212165,0.00048121862,0.0028147602,0.0029148643,0.9819318,0.0010959661,0.0010544895,0.0019729233,0.00030911245,0.0013200754,0.00069140113,0.0012721174,0.0045645772,0.0007692772,0.0007757591,0.0051663145,0.0006250979,0.00025524115,0.00028949825,0.000271538,0.0003674494,0.00021807522,0.00017605333,0.00038140095,0.00059953815,0.0004630834,0.00048396224,0.00024180801,0.00034123845,0.0004662659,0.00041068112,0.00033586653,0.00022367894,0.00038619668,0.0006512397
VNKKIEEIDKKIEELNKKLEELEKKLEEVNKK,0.00024325348,0.015648438,0.0061935917,0.00074525195,0.0069628493,0.010595928,0.001523713,0.0139169125,0.0031699468,0.010822617,0.003268931,0.019287754,0.0003132217,0.0035196736,5.5123586e-05,0.028014978,0.057610463,0.92679197,0.006958762,0.0009099819,0.0004905522,0.00037274839,0.0006672057,0.00037927626,0.0001827243,0.00063941564,0.004793392,0.0004013567,0.00033628434,0.0001691175,0.00016822554,0.0001626821,0.00012973533,0.00021840275,0.0022196886,0.0048586093,0.004350727,0.0039132116,0.0049409145,0.0029354193
AMWKDVLKKIGTVALHAGKAALGAVADTISQ,0.0015724606,0.0037446073,0.0031194019,0.00020391365,0.0006410714,0.002585081,0.00038937404,0.0035798806,0.015354698,0.9803375,0.00091541006,0.006524622,0.0030983815,0.0023349526,0.0014711624,0.0037909534,0.002862089,0.007164277,0.003425244,0.0007003897,0.0020345042,0.00043432356,0.00014666353,0.00045355325,0.00024826278,0.00036366234,0.00069855753,0.000231037,0.00012172665,0.0002696871,8.773586e-05,0.00026138313,0.00038500878,0.00019340505,0.00065449445,0.001471488,0.0021520148,0.004228799,0.0023636129,0.0016887253
GLWSKIKTAGKSVAKAAAKAAVKAVTNAV,0.00034987612,0.0005944346,0.0022617036,0.0040325504,0.0034820852,0.0011878953,0.001457052,0.008824061,0.008614599,0.97536224,0.00045683663,0.0013594169,0.0013257683,0.0014599041,0.0016284984,0.001495785,0.00021824142,0.0054626307,0.00082891877,0.0035687094,0.004811129,0.0015522313,0.00042399645,0.0008906158,0.00077323715,0.0012051609,0.0003325564,0.0010236971,0.00076277857,0.00043414393,0.00052684353,0.00061181653,0.0005036427,0.00089716027,0.0004185355,0.0006843621,0.00057981565,0.0005392532,0.00049768883,0.000487557
GLISTIWNTASNVAGTLTDSVKCKFKKC,0.002474242,0.0016577707,0.006898681,0.0040337383,0.0022098867,0.00081300474,0.0024512934,0.004182528,0.9511493,0.012070582,0.005196943,0.0015941503,0.003251479,0.0052503995,0.0042563486,0.0010228057,0.0019731582,0.0012600819,0.0027690437,0.0012806089,0.012493317,0.00087950483,0.0014515788,0.0011720759,0.0012786009,0.0009079904,0.00076854456,0.00043901522,0.00045130248,0.00069277536,0.00189667,0.0017664075,0.0006294661,0.00094971637,0.00076575374,0.001350075,0.001475487,0.003240228,0.0004955957,0.0018464318
KKFKETADKLIESAKQQLESLAKEMK,0.00071195525,0.010222246,0.0055913273,0.007922744,0.9196437,0.0025425327,0.0022870621,0.0045825173,0.020199485,0.0058332896,0.014003923,0.0060462267,0.005633742,0.0021635157,0.00028213303,0.01502794,0.008651377,0.02194633,0.9043983,0.0040150764,0.00048044423,0.001817965,0.00091147405,0.0009945424,0.0014749047,0.0012045893,0.0019555031,0.0015733077,0.0015631776,0.00080777804,0.0010972583,0.0012514741,0.00075038866,0.0006438473,0.00046231752,0.0006103762,0.0012729246,0.00058156287,0.0012613318,0.0003355121
RSVCRQIKICRRRGGCYYKCTNRPY,0.004414464,0.0031550694,0.010462201,0.00097437104,0.035569847,0.0022834789,0.005712579,0.0065943776,0.0050567607,0.029241905,0.00041748167,0.019569363,0.0087176785,0.004542494,0.0021855733,0.008302411,0.004756852,0.0020774365,0.037693847,0.7010571,0.0017010301,0.0012093639,0.0013450889,0.00070299633,0.001708243,0.00068927446,0.00054917077,0.0010382745,0.0009770204,0.00052824116,0.0011574809,0.0025246153,0.00093310483,0.0014796583,0.0007166444,0.0007840684,0.0022737603,0.0010749353,0.00025062796,0.0016230689
GCTYNVKPDIQGFELYFIGSVTCG,0.001145383,0.0033407547,0.009370495,0.0006524759,0.01783892,0.0027187152,0.0012254472,0.00489807,0.004745709,0.0013105328,0.001865997,0.037900556,0.0032730664,0.001461874,0.00029525225,0.00534483,0.0052353465,0.010735563,0.90911895,0.008313683,0.0026070992,0.0008181071,0.00054161757,0.00023135442,0.00067018316,0.0006681905,0.00037084628,0.00043050782,0.00078171503,0.00037580114,0.0007737564,0.0004535455,0.00035352673,0.00022739627,0.000762884,0.0006762504,0.0006136658,0.000268533,0.00036102807,0.0008431889
GCRFTVKPYIKRIQLHYKGKMWCG,0.0009358855,0.019357732,0.0047368202,0.0008402281,0.18739973,0.0032069234,0.0004320728,0.009880215,0.0021224965,0.006363067,0.0012885844,0.0045007486,0.0021081353,0.0043469407,0.0012177965,0.00042943968,0.0018310186,0.0042601777,0.90926075,0.007166116,0.0021217512,0.00050512544,0.0010564598,0.00040991645,0.0006336165,0.00044023115,0.0020731844,0.0010874621,0.00048314166,0.00075035007,0.0020894692,0.0004229818,0.00034342456,0.00062190025,0.002225421,0.0015941839,0.0031610725,0.0016603422,0.0018338156,0.0078118145
FXIXAXLGGCLGXFCGGIXAXLXF,0.0009871804,0.0017545418,0.012024893,0.005516484,0.0014142522,0.00872929,0.0064049195,0.92779857,0.016633695,0.003829763,0.005226007,0.008281864,0.00069536397,0.009224693,0.020381574,0.0008134371,0.00078406616,0.0014283824,0.006623332,0.002778691,0.0011103399,0.000906586,0.0004507985,0.0009396695,0.00059912144,0.0007510361,0.0011692039,0.0005346878,0.00095320435,0.0006904789,0.0007834138,0.00029562687,0.0007781401,0.00045696885,0.0022234493,0.00094941875,0.0026722588,0.0015355562,0.0010322803,0.003501789
AGGRVTTVSLAEFAALQFTHDHTR,0.0007239611,0.020799944,0.0139019145,0.008273844,0.9557089,0.00284856,0.00081730215,0.006850198,0.00036951582,0.0016120624,0.0005873358,0.055121884,0.00547272,0.000557065,0.0017425001,0.00023877539,0.00092576625,0.0014853368,0.045279976,0.00254038,0.00069260667,0.0007110992,0.00037306102,0.00048271814,0.0005541228,0.0008720601,0.0010385658,0.0004300411,0.0002351347,0.0006478834,0.0011467476,0.0003232592,0.00043682588,0.0005888052,0.0010260005,0.0013037893,0.001628583,0.0005099832,0.0007621076,0.0020811579
FFHHIFRGIVHVGKTIHKLVTG,0.010152249,0.0071318643,0.0008240129,0.003509395,0.0029258498,0.0009544307,0.00074480684,0.006126633,0.014140012,0.042536978,0.0015169726,0.0039521735,0.0028553025,0.003037168,0.011081536,0.0058766454,0.0014335602,0.0075201127,0.003612124,0.0016890422,0.61336285,0.0032304311,0.0031573572,0.0011033461,0.00097092375,0.0017725241,0.0008792128,0.0010577242,0.0019504767,0.0013364333,0.0009856321,0.0014625653,0.00046330108,0.0006351213,0.0010828958,0.000941147,0.0008949218,0.0009071481,0.00075417926,0.0014692526
KWCFRVCYRGICYRKCR,0.005628255,0.002293986,0.0010590451,0.00056794,0.00042246172,0.0029109986,0.0023898897,0.085064776,0.005345641,0.88657147,0.0004586256,0.0022125936,0.003522009,0.0015048404,0.001796533,0.0014844806,0.00068582495,0.0014827966,0.00044044142,0.01321641,0.0047442294,0.00074895524,0.0009836077,0.0005797471,0.0007603517,0.0004903645,0.00051506364,0.00039144632,0.00053956837,0.0004771536,0.00060470216,0.0010152024,0.00068043725,0.0005702456,0.0004216253,0.00049753237,0.0006993471,0.0003003548,0.00020212482,0.0005644377
RWCFKVCYKGICYKKCK,0.0029762692,0.0018850727,0.0028219512,0.0016949484,0.00042207653,0.008767631,0.005197284,0.73464507,0.005799232,0.10717889,0.01377067,0.0007749966,0.0012237658,0.0072403997,0.01166416,0.001127588,0.0016014004,0.0028963923,0.0145326285,0.018517332,0.0033009364,0.0012826901,0.0005851952,0.0011026012,0.00088837056,0.000637869,0.0019418214,0.002044779,0.00063780096,0.0007103426,0.0018623468,0.000951736,0.0005524834,0.00041587418,0.002944254,0.0016613061,0.0026243823,0.0009000105,0.0016376293,0.00672981
RFCWKVCYKGICFKKCK,0.0033309148,0.0005131613,0.003444221,0.0018102947,0.0007660818,0.01321361,0.00380485,0.919483,0.022795763,0.020333545,0.0048797135,0.0022769037,0.0033741982,0.0030847243,0.0016761204,0.0010303103,0.0008500654,0.0032644165,0.008049162,0.0018716379,0.0033092063,0.0005882967,0.0004898385,0.00069782726,0.00074992183,0.0012853851,0.00092202995,0.00050494954,0.00040519913,0.00056225015,0.0009175875,0.0007029129,0.0014033013,0.00055061845,0.00060230045,0.0007244642,0.00060057786,0.00032128,0.0004395095,0.0010166285
FXLXAXIXVXLXAXIXL,0.0005950519,0.0023786034,0.0073795677,0.00019117448,0.00044780027,0.0071133147,0.0006660631,0.4134328,0.010646879,0.0035088095,0.0013878557,0.0023711585,0.0011662795,0.036318477,0.6202145,0.00030935774,0.00284288,0.0016619997,0.033129863,0.00040115244,0.000415125,0.0013318761,0.0003408809,0.0011144112,0.001163157,0.0004960291,0.008733809,0.00070635206,0.00071906135,0.00043055177,0.0026465103,0.0009236641,0.0002741474,0.00044525447,0.0018207384,0.005753865,0.0044319364,0.0006860956,0.001322154,0.04333516
KWAVRIIRKFIKGFIS,0.0010655395,0.0011402887,0.0038438474,0.00065779407,0.0028194268,0.001499353,0.00077224016,0.0027550836,0.0073301755,0.97856355,0.0008506581,0.0008740074,0.010283024,0.0019544016,0.002834827,0.0066345003,0.0022821787,0.0059240134,0.005097443,0.003481634,0.0027329347,0.0006527114,0.00018273317,0.0008539578,0.00036705044,0.00034503095,0.0007020152,0.00036167484,0.00021901897,0.00060329837,0.00014607373,0.00032900556,0.0006677038,0.00017871193,0.0004923367,0.001012182,0.0014961067,0.0019760919,0.0015586184,0.0006957057
INWIKIGKKIIASL,0.00091117097,0.00056463893,0.0021040887,0.008809801,0.00055538834,0.021998128,0.009239645,0.91850704,0.0012509474,0.012366767,0.0016679983,0.0013122864,0.0013079627,0.0018192441,0.010944485,0.00057202677,0.00025150552,0.0009456804,0.003584534,0.002666011,0.0013552312,0.0005200642,0.00035403346,0.00084038544,0.00035063043,0.0006678435,0.00041272986,0.00046960945,0.00029502797,0.00025392894,0.00064202247,0.00054053427,0.0008702248,0.00050771376,0.00022092799,0.00034190548,0.00024102339,0.00014391624,0.000494773,0.00033673746
FFPVIGRILNGIL,0.005471114,0.0005633767,0.0005831759,0.0037625497,0.0017992714,0.0017255676,0.0010309996,0.009515345,0.0013539114,0.97786087,0.00061221607,0.0022930272,0.00030241703,0.00028666624,0.004221417,0.00021817132,0.00011570123,0.00017242451,0.008564576,0.00071019575,0.0043025655,0.00016431513,0.00012939927,0.0002292858,0.00010215558,0.00016975096,0.00017871449,0.0005231348,0.00017971585,0.00024203451,0.00029099445,0.00042204253,0.00029270037,0.0002196294,0.0002299404,0.00030619255,0.0002344908,0.0002827443,0.00018909147,0.00011663917
WKLFKKILKVL,0.0015596799,0.0019998422,0.0027774903,0.0019499636,0.009279816,0.0017925365,0.00018347554,0.023835406,0.0066715376,0.023714762,0.0025048496,0.0077840486,0.0017930757,0.00073463656,0.0010717093,0.0027503215,0.0059367055,0.008710247,0.9305679,0.0008891975,0.0008073301,0.00044057769,0.0005627904,0.0005265905,0.0004397664,0.0006945897,0.0008240215,0.0003992782,0.00021695053,0.0006501513,0.0004076242,0.00039622435,0.0002737026,0.00035822587,0.00030558393,0.00079321617,0.001163746,0.0005087051,0.0005685084,0.00057498424
GLPGPLGPAGPK,0.005656753,0.0017979777,0.93902004,0.005115098,0.006132088,0.005872296,0.0036375162,0.011371365,0.0023639188,0.006352987,0.0043471074,0.001345895,0.0013575364,0.002254935,0.001747068,0.003214852,0.001409012,0.002834044,0.0055949343,0.001310901,0.00069508207,0.0006831146,0.0003179753,0.00047890996,0.00019759945,0.0004587714,0.00034517076,0.0005563786,0.00038671834,0.00023401286,0.0002702634,0.00031069046,0.00073455815,0.00047871418,0.0005534645,0.00023948698,0.00067943253,0.0002483141,0.00046035682,0.00037441187
FIFLPIFRRPVS,0.0031370793,0.0027407855,0.000603901,0.0011717309,0.0048157275,0.0011354571,0.0016163391,0.0088199675,0.88781095,0.054766744,0.008545583,0.004481574,0.0023004387,0.0023094302,0.0016048668,0.0006634561,0.0010062587,0.001653362,0.0066274777,0.00155041,0.0026209597,0.0006179394,0.00012809086,0.0002292952,0.00048713313,0.00040695933,0.00017824768,0.00018961758,0.0004878457,0.00026858397,0.00017436502,0.00011653179,0.000290318,0.00026174574,0.00016156814,0.0007027425,0.00042077192,0.0004686324,0.00033463314,0.00023929728
XYXIVVKVLDVE,0.00083648955,0.055436995,0.0006099287,0.0005217813,0.03635777,0.0013578124,0.000405442,0.011642225,0.009292854,0.0022273138,0.0012556848,0.009858594,0.0017021503,0.0024930916,0.0038802908,0.00046933693,0.0014100765,0.0023785955,0.53783995,0.002107668,0.0014350257,0.0007380648,0.00062279595,0.00050566136,0.0005118713,0.00046795994,0.0013316598,0.00078784494,0.00040497343,0.00031390748,0.0018309565,0.00042718268,0.00029419237,0.0004631434,0.0019389918,0.00080622116,0.0011758393,0.0006342001,0.00092733273,0.014991177
AAVTRRILCWFA,0.0028957562,0.0015285312,0.00068978505,0.0011397331,0.0022499505,0.0008194818,0.00273284,0.003854503,0.0066614514,0.98086584,0.00030689428,0.0049667982,0.0024966365,0.00029807637,0.00037251302,0.004964165,0.0033270875,0.0039521735,0.00036172656,0.0035094318,0.0016240013,0.0007712734,0.00030771756,0.00028903518,0.0006689586,0.0002848936,0.00026158133,0.0001763667,0.0003950896,0.000572318,0.0004032266,0.0008248872,0.0003793249,0.00050787494,0.00047424226,0.000467508,0.00030123777,0.00026319138,0.0004073259,0.00057549117
VAEARQGSFSY,0.136765,0.0014666693,0.2637928,0.20661181,0.43268627,0.15432759,0.0009401678,0.04860519,0.03229196,0.9662852,0.08023582,0.3379272,0.09715244,0.015244733,0.02942311,0.00023325326,0.00030444807,0.000651425,0.020393811,0.08169381,0.06771162,0.037533917,0.022944408,0.042030714,0.038395036,0.057508826,0.040727943,0.027638862,0.030501828,0.0409857,0.1523677,0.038536634,0.04168947,0.0813008,0.14291057,0.044610314,0.05641474,0.00027801082,0.00043022557,0.0007139606
GLTRLFSVIK,0.0036187733,0.0012557942,0.0013934864,0.0012310053,0.001998423,0.0002493276,0.0002465199,0.0002072885,0.012388784,0.9676922,0.0012244199,0.0017091344,0.0020283726,0.000643439,0.001733829,0.00020973146,0.0004597549,0.00021937092,0.0017449537,0.0015167118,0.0013896842,0.000402082,0.00019679959,0.00011520494,0.0005114434,0.00022707476,0.00021908809,0.00012644492,0.00034342587,0.00047113397,0.00038995408,0.00030713197,0.0001815124,0.00025605355,0.00066123885,0.0002977642,0.00044880304,6.876386e-05,0.00010730422,0.00015801965
XXXLXLXPXG,0.004568043,0.0004758822,0.003529093,0.015310272,0.0034442346,0.0016101857,0.0001076488,0.11162486,0.002711584,0.004872233,0.0010792104,0.014533987,0.0037421463,0.0011144371,0.844422,6.849207e-05,9.1755326e-05,0.0001578945,0.003233849,0.0032146566,0.0025227845,0.0013125926,0.0025525957,0.0017302089,0.0008431298,0.0013429372,0.00067311066,0.0035324555,0.0014263842,0.0019730455,0.0014089791,0.0017481428,0.001222142,0.0014734468,0.0009921759,0.0013851356,0.0006196928,0.0002763702,0.0002577345,0.0021014872
XXXLXLXXXG,0.0030134146,0.0004489654,0.0018989253,0.00866537,0.0021132908,0.0011941913,0.0001221916,0.22022669,0.0020240056,0.004162574,0.0007972597,0.01303653,0.0021235056,0.00079715025,0.677137,9.610324e-05,8.649585e-05,0.00019733173,0.0022791375,0.0024941284,0.0018033148,0.0007785518,0.0014808923,0.0010335384,0.00057374156,0.0008069375,0.00045703354,0.002117612,0.0008565186,0.0012231114,0.0007944283,0.0010246675,0.00066044304,0.0009542101,0.00053661794,0.0007611351,0.0003937441,0.00023107775,0.00021708483,0.0018378742
EXYXEAPQYI,0.0020718726,0.00134973,0.0023949437,0.008505606,0.013197971,0.0009470022,0.0006862165,0.01649396,0.0027935582,0.056825723,0.0017282212,0.045906983,0.002239525,0.00082307815,0.34800953,0.00044849512,0.00029034461,0.00035597134,0.011915662,0.0030666266,0.003969169,0.0007714318,0.00022417429,0.0011776137,0.00043483748,0.00074963534,0.0005948804,0.00045439994,0.00052222755,0.00082749105,0.00041816817,0.0002114347,0.0009602079,0.00052732456,0.0008546652,0.0005048482,0.0010234573,0.00078580406,0.0008973894,0.0019053019
EXYXEVPQY,0.026904427,0.0034734143,0.0070815166,0.032517787,0.011849977,0.012200792,0.00039927015,0.053530484,0.007552526,0.1824688,0.004381228,0.1623497,0.019481534,0.030214243,0.7663301,0.0005977135,0.0011638409,0.0009714128,0.018833768,0.013366645,0.042484224,0.023103151,0.016910546,0.01799427,0.015415235,0.018520331,0.02260016,0.016020576,0.014602635,0.018659512,0.017993009,0.016335797,0.013911729,0.027845511,0.017206978,0.017163327,0.0098792445,0.002558448,0.0022611239,0.0025902402
NNSNXNQPY,0.0017788116,0.0008997567,0.009399976,0.0037568163,0.03740739,0.0008001892,0.0013405419,0.0032160534,0.45107284,0.0019776893,0.0039396263,0.014765763,0.001966683,0.006407114,0.091759525,0.00054992613,0.0004445367,0.0003372925,0.0034961894,0.0030432702,0.005143538,0.0010393754,0.00035767662,0.0013441369,0.0004156249,0.001186774,0.0009221683,0.0007939473,0.00077222835,0.0007775427,0.00050160586,0.00036730178,0.00040404333,0.00096522004,0.0009702459,0.00060325296,0.0006088884,0.0007651687,0.001040655,0.0021521612
NQPNSXNY,0.002029731,0.00076962623,0.0059017013,0.0033545485,0.032189056,0.00052420073,0.00079872156,0.0020972716,0.27988973,0.008238891,0.004030121,0.015386725,0.0028958458,0.0036265582,0.12965138,0.00039160348,0.00034001435,0.00022202735,0.0066211075,0.0029061171,0.006927784,0.00091302773,0.00031255084,0.0013460789,0.00038240108,0.0010789227,0.00071745826,0.00066638464,0.00067242526,0.0008491214,0.00045570653,0.0003280165,0.00047000806,0.0010195101,0.0008689429,0.00052781386,0.0005553227,0.00076435646,0.00086132897,0.0020365694
DDHSAXGT,0.018747194,0.00070516154,0.0077719493,0.009195253,0.012830094,0.002943925,5.3704876e-05,0.0022155568,0.0023698437,0.19299884,0.0029439714,0.06986423,0.0029694242,0.001901806,0.1792078,0.00016410719,0.0003884453,0.00019203003,0.011734549,0.0017566443,0.0024661205,0.0015928472,0.0017814612,0.0029785861,0.0013468111,0.0013012567,0.0027815877,0.003225951,0.0018376512,0.0013914004,0.0027177327,0.003356503,0.002666678,0.0011832871,0.004096609,0.0041874303,0.001799937,0.00035342982,0.00047265392,0.0014230079
ELLVDLL,0.0053221467,0.105523966,0.0001360715,0.0014791636,0.005849007,0.0023391275,0.0027391608,0.0008276752,0.00522562,0.011524803,0.0008323876,0.06471964,0.0019747973,0.00047180091,0.00032819135,0.020431383,0.0073777377,0.026227294,0.00819,0.0030416588,0.0020352586,0.001482157,0.0003764559,0.00016038837,0.00031809445,0.0007026667,0.00026018618,0.00018620108,0.00075800554,0.0007774438,0.00031282305,0.00055884285,0.0004833475,0.0002561749,0.0003135659,0.0002372294,0.00035059903,0.00034368262,0.000441311,0.0004686686
EXYXEVI,0.0008569586,0.0196443,0.00044299837,0.0011258363,0.014136224,0.0016865899,0.00045999512,0.011449567,0.0033348508,0.0027569027,0.0015053722,0.0057699764,0.0014550518,0.0028994055,0.014249439,0.0005595285,0.0010608229,0.0014961362,0.842249,0.0026052997,0.0018279594,0.00075249723,0.001090447,0.0008439002,0.0007682772,0.0007467004,0.0019794663,0.001301139,0.0007031511,0.00054686936,0.002853728,0.0006881403,0.00047951844,0.0007199613,0.0029329655,0.00089266663,0.001157494,0.0005750599,0.000860644,0.050860263
WFKIIKK,0.0024494973,0.0017475877,0.0004633218,0.0018717882,0.0021800604,0.0034807571,0.00029639903,0.031359848,0.034938246,0.086964145,0.004184095,0.00034997036,0.0059010154,0.01378093,0.059927702,0.0007116385,0.0013091012,0.004159768,0.6892106,0.0022008282,0.002169955,0.002035306,0.0018009628,0.0013105696,0.0011826697,0.0011091348,0.0039673187,0.0029731619,0.0014179447,0.001337387,0.009600312,0.0011292655,0.00091521564,0.0014981448,0.005156973,0.0019080051,0.0029435586,0.00083659636,0.00089531275,0.010613559
EVLADLV,0.00028387227,0.29858705,0.025809376,4.501411e-05,0.0008816242,0.051755134,0.00034154466,0.0225515,0.002461269,0.30429938,0.000191751,0.42352307,0.00023692806,0.04628082,8.0648846e-05,0.07241631,0.37165806,0.7552498,0.020493258,0.00016077378,6.592352e-05,0.00011047951,0.00018124051,0.00046351462,7.689264e-05,0.00017757658,0.033413943,0.00023188708,0.00015429627,8.852144e-05,0.000103882936,0.00014197761,8.558178e-05,0.00053612975,0.0065549216,0.051665053,0.05970241,0.052486908,0.080847815,0.044199426
EXYXEV,0.0048275264,0.0009058124,0.000589142,0.006037032,0.0036400156,0.00061096606,5.7933546e-05,0.06303689,0.0011266452,0.010432388,0.0010547438,0.22420187,0.0013617572,0.0008188983,0.2042571,0.000109268054,0.00016777797,0.00017881148,0.011400993,0.0022917185,0.0035087415,0.0009084637,0.0015116027,0.0016258283,0.0008721016,0.0007990116,0.0010100092,0.0023191806,0.0010635179,0.0016716023,0.0010792136,0.0012753432,0.0010328498,0.0010807815,0.0010036889,0.0012751683,0.0006848844,0.00020719999,0.00045063248,0.0019416977
TVVXNA,0.004673999,0.001639866,0.0020887025,0.0031607358,0.0022794052,0.0012194227,6.167624e-05,0.0039797495,0.0020061228,0.18284208,0.0020264708,0.26241568,0.0020882983,0.0013610707,0.04427684,0.0005469796,0.00051324297,0.00035782706,0.0022042855,0.0016439054,0.00219061,0.0009944623,0.001096376,0.0020003095,0.001555122,0.0011426809,0.0020904515,0.001483221,0.0012922942,0.0010956519,0.0019885388,0.0024676626,0.0019002254,0.0011333806,0.0026337798,0.0020737632,0.0011943085,0.00037973214,0.000536212,0.0018771726
EVLDLV,0.0054404233,0.11744487,0.002930253,0.00053546985,0.007202679,0.019462826,0.0006190735,0.00746814,0.017537057,0.06880785,0.0050956826,0.6206286,0.004752689,0.0069015957,0.0027412416,0.10066345,0.23111719,0.20598602,0.098479755,0.0024444028,0.00486918,0.0029786513,0.0022876107,0.002903913,0.0025180995,0.0038343319,0.011522081,0.0019340824,0.004290905,0.0036110294,0.0038358076,0.0019892154,0.0012413823,0.002608136,0.0055032293,0.026291871,0.012459764,0.0064951773,0.011456872,0.015207656
ALALAI,0.047117233,0.20164913,0.9740856,0.035800185,0.05679667,0.93323755,0.00020422165,0.9537952,0.05568139,0.97375286,0.045133512,0.9531626,0.08339899,0.7386137,0.05640905,4.6379253e-05,0.031327367,0.022361722,0.45023096,0.03606833,0.027759438,0.054325264,0.021535108,0.045972,0.05450541,0.043170866,0.8337178,0.058011644,0.05337117,0.04604922,0.06972142,0.054732867,0.029181875,0.075108066,0.07762259,0.89042985,0.883784,0.020508349,0.03138254,0.03435838
GXXXSX,0.012509524,0.0009219422,0.0030242514,0.0047373017,0.0016233588,0.0031414677,0.0012218399,0.14129908,0.0058423555,0.0134775555,0.0017368301,0.008842564,0.0026622682,0.0062742447,0.5983322,0.00026978945,0.00017741021,0.00018728475,0.002825071,0.0014345167,0.004663484,0.0020816638,0.0014119274,0.0021539521,0.0014189639,0.001551683,0.0010627907,0.0012851732,0.0010321361,0.0012089695,0.0012677755,0.0014554821,0.0019273254,0.00213952,0.00082754745,0.00084810733,0.00065694575,0.00048687574,0.0003817129,0.0006789406
